Transaction ID,1,prox,2,prox,3,prox,4,prox,5,prox
1,348,0.02583336632362976,129,0.042555887602399846,334,0.06136638605658694,273,0.06445963851224887,384,0.0659759646057529
2,437,0.08179088267311119,510,0.08367390140853302,240,0.1375205908288284,25,0.16493436128794395,307,0.1678439340694203
3,90,0.024453645215392367,515,0.061341253363852086,316,0.07010744661429724,354,0.07584314499979566,351,0.07828022635110597
4,251,0.30399223626503574,130,0.3065633920604322,454,0.3146915124857106,124,0.3302037019981654,66,0.3322783233450904
5,269,0.05584608355039636,367,0.09934995561608881,439,0.12814171971199742,51,0.15382305596064832,245,0.1612008455017834
6,401,0.0716315656147605,424,0.10611169643015811,60,0.13482299070212136,136,0.16432418529850445,481,0.1747634983154046
7,231,0.08851183995636307,144,0.09479429264961184,430,0.12196483298545915,356,0.14891957688973737,186,0.15767504949765956
8,17,0.07420069218733098,442,0.08761016078230462,279,0.09191851583989348,68,0.09665113217513284,351,0.10400132570641239
9,296,0.03384609692755233,263,0.07523010840337437,245,0.13941717316165955,458,0.14223109533428524,336,0.14489923943149713
10,181,0.11181239672699156,96,0.12755596492089458,298,0.1333207130877069,375,0.1395594017104054,330,0.1409912426865652
11,187,0.03673043386355229,448,0.11932654056666059,249,0.19364343981057514,423,0.2089188077400884,378,0.2097960446116349
12,97,0.16101074781236555,363,0.17676992955483306,151,0.18126646488565176,427,0.20350844384904157,32,0.23266977670739394
13,121,0.049989106836966765,258,0.149282548355218,189,0.1600995345264543,476,0.1606378613034252,52,0.16352954900767983
14,439,0.21886026755750676,138,0.28778642128915355,5,0.29167765249781635,270,0.30039111823515785,72,0.30543025051159667
15,414,0.03819482149272975,179,0.06077214727712354,465,0.07669442657089363,345,0.08396982617268137,99,0.08863813734616702
16,400,0.13185479830169977,26,0.15271073956494705,399,0.17083029594772675,127,0.17107945822639692,118,0.17519242484943723
17,8,0.07420069218733098,227,0.08495647653913947,68,0.09488849772356751,90,0.103481722471726,279,0.10417363479959614
18,507,0.015744786593409887,357,0.06783094478301109,131,0.06809794424813381,61,0.06974362900407423,409,0.07029073900655888
19,366,0.06436812340687442,114,0.1404368475297138,147,0.14257561632479457,492,0.15709736532654428,47,0.1677901720939958
20,433,0.04176993886516908,30,0.05313225860115367,390,0.07169390622471392,516,0.08487159289625872,405,0.08826779772939017
21,257,0.0881030419968609,394,0.09152878586479564,104,0.13097433947661768,75,0.15223534243877748,397,0.1916726022953983
22,179,0.0942832208284677,275,0.1050085064546151,326,0.10889193329814861,465,0.11034790551585191,43,0.11092383275297726
23,402,0.06777559715861442,141,0.08490515571221352,201,0.10294208785975262,188,0.13797364085906774,247,0.14512504949919633
24,206,0.19556819397660194,156,0.2005664376303735,247,0.21778842898050696,193,0.21890509781926695,214,0.2838054542064912
25,510,0.12955057203524664,2,0.16493436128794395,495,0.20384256321546237,437,0.21390718170412806,259,0.21565627894387293
26,230,0.11289108490173455,472,0.12818645185830482,217,0.14686321816498063,16,0.15271073956494705,127,0.1695270311379672
27,405,0.0019949268086455474,48,0.02888321831170285,30,0.038770994247810685,172,0.06016400322805408,209,0.07252851167384913
28,379,0.03344186704816721,386,0.0443792141860314,108,0.06731350266283638,419,0.0792833985878549,114,0.0817706511043616
29,298,0.032447401124276,264,0.09572547567342024,134,0.09803043638018848,267,0.10084559707250973,334,0.10095651037244593
30,405,0.03815711712670325,27,0.038770994247810685,20,0.05313225860115367,48,0.06246427141311186,209,0.064715713946669
31,379,0.08677699358703166,28,0.08683939688351128,419,0.10352949182864146,114,0.10370564632926785,108,0.10438829183704056
32,429,0.08343480468518709,151,0.15960975459013646,347,0.16554544727571102,363,0.1710350878455618,432,0.19043387267663042
33,92,0.07044492872789883,177,0.09103679926750266,463,0.10110983476391971,101,0.11995180926266348,224,0.13453031135353474
34,297,0.25473286715181365,133,0.2576722506725728,256,0.2680438128498874,123,0.3116522616883857,79,0.33232911595881576
35,479,0.038110166644753043,318,0.07938717115442384,467,0.09209669757875834,15,0.11079601550013496,478,0.11287314694194635
36,454,0.08056977445571017,303,0.12048108971383963,130,0.1449856176255606,404,0.15142347474765566,504,0.21595313161388643
37,113,0.0842844343639009,242,0.08437390806172594,421,0.08738805632636203,65,0.09806044906040258,466,0.10411443372194099
38,83,0.0678451188592938,46,0.07878423312064621,30,0.11206301887462418,20,0.12021872791147258,103,0.13077553778984108
39,326,0.09605352631459455,484,0.1200526594235794,22,0.12151287749180059,417,0.12831586715488255,444,0.13791548546904966
40,362,0.09656076032698949,353,0.11069752008369588,394,0.15477616702164157,461,0.15814003974239185,503,0.16001320753947673
41,311,0.09068754666161497,58,0.1950044205414976,296,0.2511987274210543,263,0.25221771155165956,9,0.25354410031195923
42,213,0.01696054532825927,498,0.06460962084165442,274,0.08536986915629889,418,0.11465429072289286,440,0.13262322020574152
43,275,0.025000049514380583,248,0.06640980429845222,465,0.07171968323479926,103,0.08690842154099607,142,0.08773928391582075
44,490,0.0482815059808424,342,0.05643718766325148,63,0.05896395628515691,486,0.06158261796684143,415,0.061749791418036465
45,135,0.0690541234391084,53,0.10732954146476624,248,0.12613668206608405,301,0.13471012164099405,323,0.13542340391598895
46,83,0.03121069597843895,294,0.06902234024953464,38,0.07878423312064621,497,0.08571281643022428,80,0.09299760155679279
47,88,0.04264151462112765,126,0.055683559689267026,451,0.05934220990671673,325,0.06825484977950559,114,0.07130126566145786
48,27,0.02888321831170285,405,0.030703160588892962,172,0.03273265338476983,237,0.05057746799504876,71,0.054292896074628845
49,302,0.08391620110516668,20,0.12686579066677361,433,0.1277407436007117,84,0.13042791302858933,148,0.13313629538094357
50,144,0.14265636587689107,128,0.16398856457811342,186,0.1900551200716551,356,0.19524047274761014,430,0.1964926115386915
51,269,0.1477714394074465,367,0.1508519260322941,5,0.15382305596064832,506,0.15384399391176368,453,0.17400483637737005
52,189,0.006605717909422437,453,0.07634578697432828,269,0.11976224777703758,258,0.12171926832536126,112,0.12436568712215655
53,225,0.09035161897696344,135,0.09287932438398985,192,0.10362407054742175,45,0.10732954146476624,305,0.13621688350419106
54,172,0.06549621197485878,48,0.0660157568180251,71,0.07082837641615039,89,0.07242068130334124,237,0.07253361405984957
55,183,0.06003878523596299,115,0.08922813193862986,243,0.13458984639093166,120,0.14103001858210362,125,0.14118710111600047
56,494,0.05709070872566864,224,0.06105839679972596,220,0.06942949954807814,132,0.08329889523010779,397,0.08850535672444307
57,508,0.0625262807066595,192,0.06434845479810203,381,0.11540861503522383,53,0.14818057879022825,364,0.16386293392496631
58,41,0.1950044205414976,311,0.22260116152399523,336,0.2575200414744048,411,0.287867638250166,232,0.2917024359766212
59,359,0.02726987106765135,387,0.07288963259904732,481,0.08234396831650018,180,0.0840704228699302,358,0.09477414906058541
60,6,0.13482299070212136,374,0.13969908057193162,401,0.14527425025360344,473,0.16057659785948633,433,0.16794099726358877
61,18,0.06974362900407423,507,0.08477648606577133,368,0.10290802760282955,131,0.10758712709385554,222,0.11937818136474827
62,315,0.13852052856600963,234,0.15684104817741384,304,0.1613228487312052,26,0.20238839909573442,230,0.20892826603961234
63,44,0.05896395628515691,386,0.06142121828165563,415,0.06839545738556464,342,0.09352521051251009,490,0.09918580590416838
64,223,0.09540340453429477,440,0.098343002205712,8,0.11513953384454803,17,0.11724536458836769,231,0.12317020471329675
65,113,0.05033954816590538,242,0.06247914936671091,112,0.06392235578767032,466,0.06932569056503102,84,0.09277863995772873
66,404,0.23270427145641023,333,0.25696807473761296,303,0.2617180504754133,221,0.2714140995393744,36,0.30265724689066664
67,290,0.20831605534315334,511,0.300855199304613,69,0.3030001338063716,249,0.30538419856720134,163,0.3107992261757954
68,420,0.06308072369944473,329,0.08228303488974678,170,0.0838286886101479,299,0.08462584581921813,227,0.09235869700288035
69,260,0.13026826792407753,259,0.14956143527767135,98,0.18036781455351913,109,0.1870423562317325,307,0.21040364858672336
70,168,0.06701726771105075,445,0.06841904415256389,396,0.07327600493782524,475,0.0851578870843141,78,0.09187242195659709
71,237,0.029401572022584557,172,0.037322795234324,191,0.049929197678689495,48,0.054292896074628845,273,0.06125282478714275
72,509,0.13006952859091028,178,0.16933801488466366,306,0.17032299937189013,138,0.1747567854825517,252,0.19796428275990596
73,106,0.08602621095221907,449,0.09860360536078763,436,0.10818154497194093,343,0.12505897790022852,377,0.12646613871935725
74,288,0.20652037084878622,313,0.2086548174874277,77,0.22231889190272647,137,0.2557207634919075,92,0.2583628600367495
75,21,0.15223534243877748,104,0.17501219722076625,257,0.18231478249485522,146,0.21724675752549225,394,0.22825209351139675
76,497,0.07154222282374088,294,0.07769522821220877,80,0.07811629731446594,85,0.07882805926728254,516,0.091331772934713
77,238,0.08907794729667984,92,0.13317109100124302,164,0.16012848085573325,177,0.16310901418653972,312,0.17138887277699794
78,168,0.06379206936454554,272,0.07536566412939963,445,0.07972751332476459,475,0.07999836374908639,70,0.09187242195659709
79,337,0.21504751827129304,469,0.21616519667836812,121,0.23032247478225656,13,0.23812088982915486,448,0.2427714898029518
80,85,0.012203686088612985,516,0.029587638500001515,209,0.030041939597871548,497,0.040099484745112,390,0.06002137083921058
81,284,0.02594859341499303,358,0.026340960735612706,180,0.060373619404956946,316,0.06230961385172196,497,0.06441459714323278
82,324,0.08517183076663769,200,0.09677141888232123,475,0.10571386921284832,452,0.10648245969642356,91,0.1173840806516419
83,46,0.03121069597843895,38,0.0678451188592938,80,0.07485115074699172,497,0.07929462596510545,85,0.07947430774944521
84,466,0.023453677628714396,113,0.06799131692386468,396,0.0833774461649199,302,0.0844848720048667,242,0.08992586769515942
85,80,0.012203686088612985,209,0.021739348064084063,497,0.03365881120161266,516,0.0404296324967665,180,0.06235982854618074
86,411,0.08777296699322101,199,0.17851563261699915,232,0.21949285442969668,229,0.22191485692400068,519,0.24757253962104278
87,489,0.07319692891253815,272,0.07345366427266391,286,0.07882415118906215,78,0.10070624469449538,293,0.10921851204458839
88,451,0.03442601641432246,47,0.04264151462112765,108,0.046556696932661866,114,0.06371787740132237,377,0.06728371802682816
89,271,0.06530416285502724,408,0.06557489832597932,54,0.07242068130334124,282,0.07945887437099228,244,0.09723065151719813
90,3,0.024453645215392367,354,0.07212509771495963,227,0.07257488919326589,351,0.07344424767707758,515,0.08550796939369074
91,82,0.1173840806516419,319,0.13822120521480089,324,0.14226036479970985,374,0.14494167723823434,388,0.14532537019516048
92,177,0.05974733907634322,33,0.07044492872789883,463,0.09889731547982766,164,0.1291285724639543,312,0.13148257141453443
93,233,0.11042796334798896,381,0.15131895847410642,480,0.15353912954140647,192,0.17052145677523695,57,0.17530735202943268
94,369,0.11374984618629534,519,0.1266342837215435,229,0.14279723035154654,199,0.20053583597216112,278,0.22021910659194904
95,41,0.3439863289017834,311,0.35408287631536595,246,0.3757897786007341,58,0.3783640964845642,86,0.3911170480983476
96,443,0.07465867347708162,48,0.08682964663648447,237,0.08781477918044672,172,0.09270868429530918,71,0.09318235274427861
97,427,0.13825216140376195,12,0.16101074781236555,363,0.21878834579640363,151,0.23175257583363623,221,0.2895938751555422
98,259,0.08687520514093942,110,0.1510179413293729,201,0.15147625900264589,260,0.15198898779156284,307,0.17112563265600064
99,323,0.012289398595392891,116,0.026387193696860652,345,0.04575935015690923,465,0.07907534028112337,15,0.08863813734616702
100,290,0.5952434032174039,67,0.5970695899088501,253,0.6152311626255059,176,0.626286463911569,382,0.7523161449139149
101,414,0.08864657089807058,391,0.0985018047821044,15,0.1039592054757491,224,0.10660911159263464,35,0.11603957879525406
102,349,0.03821082961436825,316,0.046336938149404795,348,0.05144819746994325,284,0.052575440776260654,384,0.06196453413284195
103,43,0.08690842154099607,282,0.08728277715436852,275,0.10405767646871503,326,0.1193032422581707,105,0.12154129572833845
104,257,0.08993918238553919,21,0.13097433947661768,458,0.14168822520334848,394,0.16094510541207557,87,0.167755708786371
105,244,0.0637947748290491,282,0.09030328034679551,408,0.11467882011346507,271,0.11546728310750204,103,0.12154129572833845
106,449,0.046368463559541453,436,0.06373787661282915,305,0.06942197324216924,73,0.08602621095221907,343,0.09412507070556858
107,49,0.1551576928399131,500,0.15854952805048342,362,0.18525034897912399,413,0.1863963747653632,302,0.19139346198683513
108,88,0.046556696932661866,377,0.06221723130164013,379,0.06487815632076631,28,0.06731350266283638,47,0.07349426250077547
109,264,0.10366979166863272,254,0.12831164160594455,330,0.13712024444130175,134,0.15132360636041894,29,0.15534019617341988
110,259,0.1281716435432155,98,0.1510179413293729,201,0.20928961927445985,260,0.2173240453090884,188,0.22204937342631537
111,474,0.08636956768633675,468,0.13100086424530386,333,0.1668729172942143,202,0.22754795666996921,214,0.2568421724778296
112,65,0.06392235578767032,113,0.07287171103175205,242,0.08143334233015537,466,0.08551515859531358,396,0.09131744437985523
113,242,0.024457113876736526,466,0.04980419279728087,65,0.05033954816590538,84,0.06799131692386468,112,0.07287171103175205
114,379,0.050647204820683786,88,0.06371787740132237,451,0.06930906762232274,47,0.07130126566145786,492,0.07921182467149854
115,55,0.08922813193862986,183,0.09231451951394211,243,0.1131156118659443,340,0.12826207725576352,139,0.1602004254228801
116,99,0.026387193696860652,323,0.03837701881184743,345,0.07161277854249715,15,0.09528615969983617,465,0.10286953307895289
117,217,0.1279123583894191,471,0.13065388797473904,127,0.13704059407523714,493,0.14417163787632709,219,0.15917940520008175
118,16,0.17519242484943723,26,0.20064548650211045,393,0.2075580343873882,230,0.22052494274859016,167,0.22919642284834182
119,245,0.12111214322580426,204,0.1264329260341511,263,0.1278619056328292,296,0.15074881475078677,9,0.15403032014790727
120,125,0.006587221899276019,139,0.07925326111740569,340,0.09870248853573357,243,0.12831431872470125,436,0.1389129150556065
121,13,0.049989106836966765,189,0.1744838447899102,476,0.176073629566966,52,0.17632247370645987,258,0.1846356246990762
122,406,0.05244655162262478,441,0.09776223928550606,505,0.14381633390779697,182,0.1531047966790853,350,0.16290614331143158
123,297,0.17319055172206513,513,0.21161845906606813,133,0.21508468272400058,51,0.2218073225408293,256,0.24392609371010612
124,50,0.21479094067030113,236,0.25477815483333877,335,0.26619381022028876,410,0.28177769843335637,144,0.287538019044338
125,120,0.006587221899276019,139,0.07595162290680833,340,0.09580853513732382,243,0.12841120125995834,436,0.13539058531466058
126,47,0.055683559689267026,492,0.06265894359280283,147,0.0673033059092346,329,0.07255293857236117,419,0.07279294429332425
127,217,0.07171296487145493,219,0.10682731143221937,472,0.1120576121005544,399,0.11621943407869151,479,0.1306537371216738
128,355,0.08007774530282033,371,0.11101215118051382,186,0.12372086922460375,430,0.12595945566552852,144,0.12892743472763457
129,1,0.042555887602399846,348,0.06528331954294549,273,0.07657164253678188,200,0.0823204914619225,338,0.08354912011837445
130,454,0.0675506663015319,303,0.13745654995263734,36,0.1449856176255606,232,0.2664151762022307,404,0.27488831537284847
131,203,0.06175874549157961,357,0.06392986076118201,327,0.06607957613362254,18,0.06809794424813381,507,0.07161416423330993
132,494,0.0276025171059897,397,0.03410525356205505,56,0.08329889523010779,220,0.10052892596553868,408,0.11555174430522498
133,297,0.04197801617079744,353,0.18088950716189045,337,0.1938468664999221,123,0.21508468272400058,40,0.21694359461818077
134,235,0.08341146177143177,240,0.09090852206825772,332,0.09244565528143218,254,0.09613407775995268,29,0.09803043638018848
135,45,0.0690541234391084,323,0.09079541155607496,53,0.09287932438398985,345,0.0934628632099749,99,0.10008066453982731
136,481,0.1358053707871071,175,0.1401283124312341,6,0.16432418529850445,398,0.16942168994762202,274,0.17945658337009787
137,464,0.09415060185902017,482,0.17984908444912118,276,0.20369461667351296,195,0.2043276899006577,93,0.20962055609000363
138,72,0.1747567854825517,178,0.21594765574748792,509,0.24502524643535584,439,0.2624368218954422,331,0.27596856392373587
139,340,0.036785431625942576,125,0.07595162290680833,120,0.07925326111740569,310,0.12618589388797397,436,0.12672160821749962
140,167,0.12114864842494136,257,0.16767632290334408,177,0.17502418209134674,314,0.1829273056622411,224,0.18384784906003312
141,402,0.05174919410241505,23,0.08490515571221352,487,0.09849970597992645,368,0.12274965856208257,247,0.1271214797058815
142,434,0.08047535242837818,283,0.08422660646162156,275,0.08527458887782678,43,0.08773928391582075,465,0.10401569022226106
143,168,0.07141339871777665,489,0.07399872815545135,272,0.07435374161776534,338,0.07948473497929133,286,0.08073704428492814
144,430,0.06592805299583998,356,0.07718282149760938,186,0.08208281703402656,7,0.09479429264961184,128,0.12892743472763457
145,447,0.04794912713520754,285,0.08461660413253708,372,0.102824237369676,441,0.11714379170699188,350,0.12734046574041386
146,21,0.2171751562178986,75,0.21724675752549225,257,0.23407345024972312,140,0.2381809190749153,394,0.27927232856010054
147,492,0.024406396733850297,329,0.048736796485834316,419,0.062284447793700265,126,0.0673033059092346,241,0.08065273707634221
148,302,0.07413554833583888,396,0.09126543955906022,84,0.09283835146547795,374,0.09604538172437538,324,0.09913937807923576
149,308,0.08499928511061863,189,0.1891711626010736,52,0.18949161032495332,380,0.20550081034179668,199,0.21231178916663093
150,185,0.1105147584721466,407,0.2105476294900557,491,0.23536445005375045,190,0.2805415252005746,488,0.28249464207531905
151,363,0.019542355863235217,347,0.11457830575431212,427,0.14680044866638128,32,0.15960975459013646,432,0.16360753062669786
152,255,0.02907308566294986,357,0.04388838979020243,373,0.04443212317466164,203,0.04884735902802422,154,0.06328636772982685
153,428,0.10858927469546135,184,0.11335940390001586,351,0.11620135560780859,126,0.11902276102786398,420,0.12560318295364048
154,322,0.03597987373835357,320,0.036657681111158275,450,0.04910651243583065,327,0.06033168062648611,152,0.06328636772982685
155,365,0.05710169760717662,292,0.07162020858375281,255,0.1372125242397176,152,0.1423906345721591,203,0.14311934597925993
156,247,0.05336515674089665,141,0.13025915580436806,402,0.14089482433883874,487,0.14222450820635824,193,0.1462907067395796
157,287,0.007128890767848617,320,0.06444452281696265,450,0.06470526614556284,409,0.06709059647614868,154,0.06997017922575055
158,286,0.06982290516158421,360,0.08326680251980861,320,0.08596165536392135,375,0.0869390893172336,450,0.0884399936585108
159,356,0.15608850673426225,186,0.16363192477092717,236,0.16882326470883835,431,0.18567546243349692,430,0.18840474231784793
160,477,0.06709108682151042,377,0.08975360846121973,28,0.10338010825517513,379,0.10469055825498225,386,0.11130839117497476
161,226,0.0658861054390449,456,0.08098543539254657,457,0.08620088300615258,409,0.08715799276063832,198,0.08830541126211892
162,300,0.10942538792376538,444,0.14635544936293404,493,0.19141856911645141,456,0.2072139550629009,455,0.21921555989156372
163,511,0.012914073013766538,261,0.07526465200885996,378,0.0759757845762541,249,0.08908562287776008,109,0.20565729243454905
164,312,0.06558992196547402,364,0.08093980705798495,207,0.08682936440866613,463,0.12070423493876924,238,0.1285214131572177
165,196,0.2126797760572444,352,0.22718972974992585,204,0.23366900719566147,104,0.2684552754623383,75,0.27146466291266064
166,212,0.06383426036206993,210,0.06768930665363417,143,0.08431314911446394,168,0.10408021924319064,272,0.10898473533510357
167,177,0.12017000723210175,140,0.12114864842494136,230,0.13416597980972414,217,0.15397131327078753,472,0.158352330366327
168,445,0.061149290065323464,475,0.06267065628882172,78,0.06379206936454554,70,0.06701726771105075,143,0.07141339871777665
169,431,0.29518099397207054,159,0.355696135055187,174,0.3810639168745589,185,0.4030342136139434,371,0.416940755089615
170,299,0.002269724673677531,239,0.04249428531203502,420,0.04711290876345076,515,0.06952373301892723,216,0.07637303286973281
171,412,0.10792759290833889,469,0.11229523313297861,452,0.12874811849037646,96,0.12932031729078525,76,0.13955999269474564
172,48,0.03273265338476983,71,0.037322795234324,237,0.052485773440859126,27,0.06016400322805408,405,0.06211883410079366
173,438,0.06169015880605131,515,0.06252967576898637,184,0.06709980046841922,422,0.06835958657431108,316,0.07386082178857456
174,417,0.2025638251243489,231,0.21219462526041857,444,0.21457225230567312,213,0.2236034967173106,418,0.22499373449404148
175,136,0.1401283124312341,42,0.15885372284017946,498,0.15913163185285092,440,0.16319343062332517,213,0.1707407217942746
176,69,0.4375818743287241,98,0.44152605991463156,24,0.4423426010065301,67,0.4641903202092035,206,0.4690036330503247
177,92,0.05974733907634322,33,0.09103679926750266,167,0.12017000723210175,463,0.14349647738345317,224,0.1514441135233705
178,331,0.0830477656910359,509,0.09261321202809326,473,0.1188106600903877,72,0.16933801488466366,306,0.18694195069524475
179,465,0.055595636983493416,15,0.06077214727712354,275,0.06966761411582993,414,0.07604570681428742,345,0.08024239086674205
180,358,0.03403265866934424,497,0.0521021788406795,284,0.056998698031622934,209,0.057831038853729366,81,0.060373619404956946
181,240,0.08723622076844742,435,0.10668789402549615,330,0.10885453290943305,10,0.11181239672699156,298,0.1141753597899274
182,505,0.040512452976716705,406,0.13070862132685965,388,0.13179614027354292,294,0.13457696800143534,90,0.14692483766250392
183,55,0.06003878523596299,115,0.09231451951394211,243,0.1784512654665674,340,0.18267467670284718,125,0.19369089301249037
184,422,0.050233218384756764,173,0.06709980046841922,351,0.09471164589910676,354,0.0947354582785109,438,0.09680476210030524
185,150,0.1105147584721466,407,0.19121622334150934,190,0.19140228495800282,491,0.2125466326103422,175,0.21609818661629127
186,356,0.024344382364490675,430,0.040254385655170644,144,0.08208281703402656,128,0.12372086922460375,355,0.1447293241808882
187,11,0.03673043386355229,448,0.13752722682963803,249,0.1899850196506907,423,0.20113215266588735,378,0.2065185737190807
188,201,0.08425583832723042,194,0.11409591999335493,260,0.11938300054778726,23,0.13797364085906774,141,0.18172567389898325
189,52,0.006605717909422437,453,0.0801792978358492,258,0.11721290614751007,112,0.12139932848146069,269,0.1250568469604754
190,504,0.11168425207240565,455,0.1613364348011499,432,0.17134274450591,347,0.18478042276685394,185,0.19140228495800282
191,273,0.020492958343528475,71,0.049929197678689495,237,0.05231985084460422,348,0.06253353798102583,1,0.0674013276774037
192,57,0.06434845479810203,508,0.10211227394626214,53,0.10362407054742175,225,0.1529294621737353,381,0.15834337176538926
193,206,0.0733270063618703,214,0.09777756238179608,156,0.1462907067395796,447,0.16617888016570706,247,0.17312839403550057
194,188,0.11409591999335493,201,0.1172444443421202,23,0.15199483151884108,295,0.15330916282381574,487,0.1570754959034265
195,301,0.1516199767169736,238,0.17732423229227795,77,0.18664756000620064,192,0.1938603192394813,277,0.1988407081547627
196,204,0.10698805307287361,416,0.13994405209616623,119,0.16444185171899828,263,0.17179575455488214,296,0.19223339406199336
197,462,0.03802979749523328,28,0.1257577632597847,386,0.13120613905013617,379,0.13127912014636936,317,0.1525879928664082
198,360,0.07503934756531734,161,0.08830541126211892,334,0.0969182828393383,267,0.09943384649080013,129,0.09985441575613653
199,411,0.1021351749027375,229,0.129110380382751,519,0.14253640252091446,86,0.17851563261699915,324,0.19236092711116007
200,338,0.05173677935524116,452,0.06938633224768752,293,0.07930692606195677,129,0.0823204914619225,82,0.09677141888232123
201,188,0.08425583832723042,23,0.10294208785975262,194,0.1172444443421202,260,0.12252547667681155,98,0.15147625900264589
202,468,0.2191263129326475,111,0.22754795666996921,232,0.2410479264425701,474,0.24271458498458182,333,0.28369901872928344
203,152,0.04884735902802422,255,0.05813671467312891,131,0.06175874549157961,357,0.06393729367544361,373,0.07301855559283581
204,196,0.10698805307287361,263,0.11174917944272574,119,0.1264329260341511,296,0.15433572413280086,9,0.17868178175738814
205,429,0.308030780405036,483,0.3206953171595844,12,0.33874795594594154,32,0.3567273021704419,268,0.36394378729201876
206,193,0.0733270063618703,447,0.155223606811466,214,0.167996860799962,156,0.1776225389713139,468,0.18724581884837105
207,164,0.08682936440866613,277,0.08763504120558677,470,0.09854851624893035,116,0.10588712437154144,312,0.12170021954088256
208,500,0.2300301528300843,403,0.25694092651008016,398,0.27600971761834364,37,0.2805822635456706,517,0.2869718589163965
209,85,0.021739348064084063,80,0.030041939597871548,516,0.048786885120754395,497,0.0493684933678592,180,0.057831038853729366
210,166,0.06768930665363417,272,0.08849144599654384,78,0.09530208109193766,212,0.1035254514528254,143,0.11115874546721984
211,271,0.06781375157735028,408,0.06827861783798299,282,0.08897948137925003,391,0.10379363004380934,414,0.10797528442421035
212,166,0.06383426036206993,210,0.1035254514528254,375,0.12189473634596018,143,0.13602690501921494,489,0.14780719122424377
213,42,0.01696054532825927,498,0.06709598674827158,274,0.08951336743563183,418,0.11330281848009113,410,0.1303756287822653
214,193,0.09777756238179608,61,0.14329317525698632,468,0.16771972499670923,206,0.167996860799962,368,0.17555770228624823
215,426,0.2469629612785178,262,0.29815649134057526,74,0.33240893483145756,482,0.3564563601722361,137,0.3564948302021486
216,339,0.016027535018213836,239,0.056839569807106284,389,0.057946138064480505,486,0.06099460090429796,490,0.06494078934526755
217,127,0.07171296487145493,472,0.0730436339010322,219,0.0807302165268077,230,0.09385817591347828,224,0.1185774541898809
218,291,0.1180420427798222,371,0.17954048582618778,31,0.18683117271402003,455,0.20907720185075607,128,0.21655796383242126
219,217,0.0807302165268077,493,0.08179149396647312,127,0.10682731143221937,56,0.10744794069056465,472,0.11360185674843551
220,56,0.06942949954807814,494,0.08091315695845437,397,0.095323466129238,132,0.10052892596553868,224,0.10240982084244464
221,404,0.14603615476507456,151,0.1662779806666721,363,0.1717774373378259,347,0.175599886955809,315,0.1968160353514672
222,512,0.0133098710872043,514,0.0496582676121897,392,0.058934015456663255,157,0.07009154518632542,457,0.07501962762883523
223,274,0.08333678370662187,64,0.09540340453429477,440,0.11675992104191307,341,0.12063049254789611,387,0.13527300675490703
224,56,0.06105839679972596,494,0.10029618267717283,220,0.10240982084244464,101,0.10660911159263464,217,0.1185774541898809
225,305,0.08927544647949061,53,0.09035161897696344,449,0.12500736494765227,106,0.13092572065823327,301,0.1446308926690044
226,161,0.0658861054390449,373,0.08476686583472876,357,0.08543651972810742,409,0.09265841969024133,507,0.09429443215842019
227,279,0.0643508568991161,442,0.0681194541270573,90,0.07257488919326589,351,0.08072010589496362,17,0.08495647653913947
228,281,0.06648917730317885,425,0.0985815781608541,283,0.1038839631087476,434,0.13287181504387482,496,0.13546203669514764
229,199,0.129110380382751,519,0.13240486645728686,94,0.14279723035154654,369,0.15790049084091196,232,0.16143341770359124
230,472,0.04131392765500033,217,0.09385817591347828,26,0.11289108490173455,167,0.13416597980972414,127,0.136870024776036
231,7,0.08851183995636307,64,0.12317020471329675,440,0.1419726642476175,430,0.14659855469546829,144,0.14845034467083715
232,229,0.16143341770359124,411,0.1823642126373753,86,0.21949285442969668,199,0.22597902830777317,369,0.23385323822632192
233,93,0.11042796334798896,464,0.21323421376233193,276,0.2187759481288632,381,0.2218027735001813,192,0.22301505832351118
234,304,0.11117006486670865,62,0.15684104817741384,315,0.1772946181410113,203,0.17939807533248517,131,0.1826856393898619
235,332,0.04293997387985573,339,0.06237424172950501,486,0.06361965583638171,514,0.07262622220567123,216,0.07804184937762117
236,159,0.16882326470883835,335,0.18948893373679032,418,0.19961604677031913,491,0.24468056476571712,410,0.2462752367636303
237,71,0.029401572022584557,48,0.05057746799504876,191,0.05231985084460422,172,0.052485773440859126,273,0.053081945534685655
238,77,0.08907794729667984,164,0.1285214131572177,460,0.1442642347505791,277,0.1444349401580665,312,0.14921100475148535
239,299,0.041385851382375015,170,0.04249428531203502,515,0.052800219310762,216,0.056839569807106284,339,0.05895033030087203
240,181,0.08723622076844742,134,0.09090852206825772,499,0.1019980925849375,437,0.11344132280821116,298,0.11462054264936264
241,329,0.07641632400074921,147,0.08065273707634221,227,0.09220934413256585,492,0.09677823407614494,68,0.09864150430209977
242,113,0.024457113876736526,65,0.06247914936671091,466,0.07363308600819235,112,0.08143334233015537,37,0.08437390806172594
243,115,0.1131156118659443,340,0.11907847554477241,120,0.12831431872470125,125,0.12841120125995834,139,0.13367109187202603
244,408,0.06275485398229658,105,0.0637947748290491,271,0.06383986658996543,282,0.07738641950516546,89,0.09723065151719813
245,119,0.12111214322580426,9,0.13941717316165955,296,0.15197468195778185,263,0.16111305740626403,5,0.1612008455017834
246,380,0.08917194423289826,112,0.1861599222121138,37,0.19416137065517433,324,0.19456502867687717,396,0.1957295281600069
247,156,0.05336515674089665,141,0.1271214797058815,402,0.12963037833904756,23,0.14512504949919633,487,0.17284523666815324
248,43,0.06640980429845222,275,0.07447855429700564,465,0.08867824607128122,345,0.09815045001008241,135,0.10277776357663834
249,163,0.08908562287776008,511,0.09416582056755338,261,0.09589335485714467,378,0.09656222088290423,448,0.16955215068891022
250,423,0.12976326633627916,499,0.15152710508719686,76,0.15767174514534152,181,0.16072887485542356,435,0.16480087771849808
251,66,0.30354140077073627,4,0.30399223626503574,483,0.4732205232451234,333,0.4746135351839578,404,0.4749215335204476
252,306,0.1870565317679349,72,0.19796428275990596,361,0.1997680604334975,488,0.2505087947724567,509,0.26101009224889804
253,382,0.344102424645182,309,0.4267724426222074,67,0.49751443974917603,187,0.5195167409540099,11,0.5448931784370853
254,134,0.09613407775995268,514,0.09938198445369491,486,0.10702136127504491,512,0.10798251872938838,502,0.10887143667122924
255,152,0.02907308566294986,203,0.05813671467312891,360,0.05908169853341194,373,0.0728271831365263,357,0.07296147545315229
256,297,0.23757424106465375,51,0.2392199213559364,123,0.24392609371010612,133,0.25545005269335375,34,0.2680438128498874
257,21,0.0881030419968609,104,0.08993918238553919,394,0.10084094584462025,397,0.16699953349524777,140,0.16767632290334408
258,302,0.0949207644367433,189,0.11721290614751007,52,0.12171926832536126,84,0.12809447589998238,466,0.13550762635698138
259,98,0.08687520514093942,260,0.11936633037641461,110,0.1281716435432155,307,0.13844443675505871,69,0.14956143527767135
260,259,0.11936633037641461,188,0.11938300054778726,201,0.12252547667681155,307,0.12616942201437958,69,0.13026826792407753
261,378,0.058244635546198825,163,0.07526465200885996,511,0.08533927483245354,249,0.09589335485714467,448,0.1645715209955095
262,249,0.1944979754882727,288,0.20835011151188157,313,0.21410301063360637,448,0.218117857715417,261,0.21843480907082521
263,296,0.050332761357915645,9,0.07523010840337437,204,0.11174917944272574,119,0.1278619056328292,245,0.16111305740626403
264,157,0.08719496549251136,287,0.0881335256309228,29,0.09572547567342024,392,0.09966067103033392,222,0.10137877617768334
265,355,0.0868306823082298,321,0.1346233702525638,128,0.1492909220665612,31,0.18200769144019716,47,0.18485930189904526
266,295,0.11320130988151048,487,0.12227218606622244,141,0.17001379889362223,400,0.17841457959438373,402,0.1799333613273643
267,334,0.02683471679390137,384,0.04897681473374286,409,0.05395726465191007,332,0.05843410660700544,457,0.06114598369123076
268,363,0.32224203180013666,427,0.32361918373620185,151,0.3273281757325731,162,0.3389727942066367,16,0.3392438902868151
269,5,0.05584608355039636,367,0.10016052882858764,439,0.11728007931522871,453,0.11819626052858763,52,0.11976224777703758
270,370,0.10705865064563821,439,0.1871513891023264,506,0.18754427579265331,5,0.2236492411621785,269,0.2284648908950903
271,408,0.0011758177878772313,282,0.061665030124296874,244,0.06383986658996543,89,0.06530416285502724,211,0.06781375157735028
272,293,0.05864450636905331,489,0.0731891869023869,87,0.07345366427266391,143,0.07435374161776534,338,0.07527895981090145
273,191,0.020492958343528475,237,0.053081945534685655,71,0.06125282478714275,1,0.06445963851224887,348,0.0663163312155526
274,223,0.08333678370662187,42,0.08536986915629889,213,0.08951336743563183,440,0.09771642743925116,498,0.10893829095005425
275,43,0.025000049514380583,465,0.04878379066649062,179,0.06966761411582993,248,0.07447855429700564,345,0.08289410546865722
276,137,0.20369461667351296,464,0.20911038322898076,93,0.2127120251430457,233,0.2187759481288632,482,0.2553261043615641
277,470,0.08275219257268539,207,0.08763504120558677,164,0.1304369602324328,238,0.1444349401580665,116,0.1445086538529278
278,94,0.22021910659194904,369,0.2774142883759444,446,0.2889562468477821,519,0.3096255347774142,289,0.3422951945739223
279,442,0.03647271176625761,351,0.04878074542824347,227,0.0643508568991161,354,0.07870796587023855,90,0.08809874239215885
280,424,0.13179911588682822,344,0.13436885926755465,520,0.16851697874360166,410,0.17432171836633167,335,0.1808218403482023
281,228,0.06648917730317885,283,0.08763427717181792,425,0.08869686936874302,434,0.12039901794030589,496,0.12225247989541575
282,271,0.061665030124296874,408,0.06185129062118017,244,0.07738641950516546,89,0.07945887437099228,326,0.08556462178712824
283,434,0.0630013501373786,425,0.07187977540140363,142,0.08422660646162156,281,0.08763427717181792,228,0.1038839631087476
284,81,0.02594859341499303,358,0.03000957761882911,102,0.052575440776260654,180,0.056998698031622934,348,0.06144015776995431
285,350,0.06675744005041037,145,0.08461660413253708,441,0.11812641985986125,447,0.12126131846714151,292,0.1483255912377716
286,489,0.020488294667864504,158,0.06982290516158421,272,0.07555846852648151,87,0.07882415118906215,143,0.08073704428492814
287,157,0.007128890767848617,320,0.057460275497438894,450,0.05816433693532899,154,0.06333718815702277,409,0.06748084551186678
288,313,0.015140655435141474,314,0.1290860064826701,503,0.13861586355635114,383,0.14127265349846918,33,0.16493273826178295
289,388,0.1283703750692454,350,0.14619346094059646,369,0.15478369982052276,505,0.16049774468737374,91,0.17048655599687834
290,67,0.20831605534315334,110,0.37750017501481015,194,0.38308839252888244,188,0.3914052859098555,201,0.4011765367258932
291,218,0.1180420427798222,490,0.13349193552027047,328,0.14436664413309142,455,0.16895825675901507,44,0.16907291156828538
292,155,0.07162020858375281,365,0.07859144139629161,255,0.12747368447077873,152,0.12953043969074715,360,0.13175982446734955
293,272,0.05864450636905331,338,0.06537920502313321,200,0.07930692606195677,129,0.08971380346919958,158,0.09198505561908397
294,497,0.05454423823314667,46,0.06902234024953464,81,0.07347860544624568,76,0.07769522821220877,387,0.07968410299734165
295,487,0.03660275888022929,266,0.11320130988151048,141,0.1319057387189652,368,0.15218721347979422,194,0.15330916282381574
296,9,0.03384609692755233,263,0.050332761357915645,119,0.15074881475078677,245,0.15197468195778185,204,0.15433572413280086
297,133,0.04197801617079744,123,0.17319055172206513,353,0.2165620089879221,337,0.22968108981573182,256,0.23757424106465375
298,29,0.032447401124276,134,0.11197296514267935,181,0.1141753597899274,240,0.11462054264936264,334,0.11750084760788278
299,170,0.002269724673677531,239,0.041385851382375015,420,0.04906887361854713,515,0.0672903769529643,216,0.07705407508269334
300,162,0.10942538792376538,456,0.18264185063245067,136,0.18627800134877884,444,0.1917329189577976,175,0.19932214766141967
301,45,0.13471012164099405,53,0.13857034114639172,225,0.1446308926690044,195,0.1516199767169736,449,0.16052751808625185
302,148,0.07413554833583888,49,0.08391620110516668,84,0.0844848720048667,258,0.0949207644367433,466,0.10566290807519291
303,454,0.11707204213590112,36,0.12048108971383963,130,0.13745654995263734,404,0.18632217682090896,66,0.2617180504754133
304,234,0.11117006486670865,315,0.15404150370098296,62,0.1613228487312052,203,0.21737423345570556,131,0.23221249897687374
305,106,0.06942197324216924,225,0.08927544647949061,449,0.09244030809340878,343,0.1035601760558347,436,0.11003553922584981
306,361,0.07289089412571925,401,0.12668267878873923,509,0.1627397459748787,331,0.16938751253451093,72,0.17032299937189013
307,63,0.12498371284636395,386,0.12595029829177348,260,0.12616942201437958,28,0.13780849416425187,259,0.13844443675505871
308,149,0.08499928511061863,52,0.12960881491086262,189,0.13139633086918107,269,0.15260003082169374,380,0.1662749098881428
309,382,0.2159135618481803,253,0.4267724426222074,187,0.5442985041329222,11,0.5456047310837308,262,0.5963780200177841
310,436,0.0517019656558934,449,0.08823857286633285,470,0.09354520342851096,518,0.105445779227707,385,0.10647810739355253
311,41,0.09068754666161497,58,0.22260116152399523,263,0.3146389672082225,86,0.31788831906937065,296,0.32164496763155803
312,164,0.06558992196547402,364,0.0754350729896487,463,0.10713793973391385,207,0.12170021954088256,92,0.13148257141453443
313,288,0.015140655435141474,314,0.12297646917251212,503,0.13003685698909168,383,0.131741212890336,461,0.16154916316491486
314,503,0.026163219396389565,383,0.03779046237093686,461,0.08095171465066395,313,0.12297646917251212,353,0.12436996891862756
315,62,0.13852052856600963,304,0.15404150370098296,131,0.15834769322823206,203,0.1753759636508237,234,0.1772946181410113
316,515,0.04128573693388998,102,0.046336938149404795,81,0.06230961385172196,284,0.06619457802674,438,0.06928617562857195
317,329,0.1264980532470134,420,0.13462826704076378,492,0.13896606875335804,419,0.13912237957078782,147,0.14147455887680144
318,467,0.0206521164720182,346,0.07872472966313353,35,0.07938717115442384,287,0.079533846176769,157,0.08041427071167657
319,388,0.12203096689124561,91,0.13822120521480089,390,0.15489101235621594,341,0.16148160666160224,516,0.16292859415374608
320,450,0.01264628861949802,154,0.036657681111158275,287,0.057460275497438894,322,0.05964716551346,346,0.06158621728325745
321,126,0.08721803886974765,47,0.09895252180780194,147,0.10420640175679322,492,0.10705024810326745,329,0.1160908081848156
322,154,0.03597987373835357,320,0.05964716551346,327,0.06452185052757954,450,0.07044389652033389,152,0.0719896596472304
323,99,0.012289398595392891,345,0.03562449269967852,116,0.03837701881184743,465,0.07088763826937022,135,0.09079541155607496
324,445,0.07948189742340632,475,0.08304222713229445,396,0.08488032761098088,82,0.08517183076663769,148,0.09913937807923576
325,47,0.06825484977950559,88,0.07240393203464038,108,0.07948508625503495,126,0.07975798080243673,451,0.09137121140648205
326,484,0.06796584973681079,282,0.08556462178712824,39,0.09605352631459455,179,0.09973405873377143,271,0.10714891301758399
327,154,0.06033168062648611,322,0.06452185052757954,131,0.06607957613362254,203,0.0758023409805304,287,0.07668572278320128
328,368,0.11040623572386742,415,0.11161964982548282,502,0.11622807578237174,342,0.1170529698919765,490,0.12931562881093073
329,492,0.041306875231200135,419,0.04699296107670501,147,0.048736796485834316,420,0.06480305380174738,126,0.07255293857236117
330,181,0.10885453290943305,437,0.1147987377909616,254,0.13433742947555916,109,0.13712024444130175,10,0.1409912426865652
331,473,0.0772868106387706,178,0.0830477656910359,509,0.1409629269168711,421,0.15948779582222064,401,0.1654502565002956
332,235,0.04293997387985573,457,0.04945730793049166,267,0.05843410660700544,392,0.06369786360165346,384,0.06420895453703988
333,111,0.1668729172942143,474,0.18420603736414784,221,0.20058309739173508,468,0.21078688892472147,66,0.25696807473761296
334,267,0.02683471679390137,384,0.02893682747489154,349,0.051205390118355974,1,0.06136638605658694,332,0.06941708150034989
335,344,0.13158414524030962,410,0.15291316605942262,280,0.1808218403482023,236,0.18948893373679032,498,0.19813191465832294
336,458,0.07486428674427456,9,0.14489923943149713,296,0.16222462024562634,104,0.19691096268575303,263,0.20494857724992482
337,461,0.13501795498409963,353,0.1517847164372358,383,0.171626625773342,503,0.18131817796531174,133,0.1938468664999221
338,200,0.05173677935524116,293,0.06537920502313321,272,0.07527895981090145,143,0.07948473497929133,129,0.08354912011837445
339,216,0.016027535018213836,486,0.05021623310167272,239,0.05895033030087203,490,0.06200903036965217,235,0.06237424172950501
340,139,0.036785431625942576,125,0.09580853513732382,120,0.09870248853573357,243,0.11907847554477241,115,0.12826207725576352
341,387,0.04058719577304157,80,0.09293658602338824,497,0.09656958225311964,85,0.09669917566703838,516,0.0971227671427207
342,502,0.019040380330546332,415,0.040033516216830274,486,0.048592014873857774,44,0.05643718766325148,490,0.059443110707918925
343,106,0.09412507070556858,305,0.1035601760558347,73,0.12505897790022852,449,0.140481239125777,436,0.1462289143875787
344,335,0.13158414524030962,280,0.13436885926755465,520,0.17745087207906637,424,0.18936912548881232,488,0.19579470622859824
345,323,0.03562449269967852,465,0.036829038479440926,99,0.04575935015690923,116,0.07161277854249715,179,0.08024239086674205
346,450,0.049067897300457824,320,0.06158621728325745,267,0.07007333368426193,334,0.07015147250486546,467,0.07016306273653398
347,432,0.04902927604933695,504,0.08682454705227041,151,0.11457830575431212,363,0.12844127452853385,404,0.12977335785623664
348,1,0.02583336632362976,102,0.05144819746994325,349,0.05763070544867137,284,0.06144015776995431,191,0.06253353798102583
349,384,0.02439024390243899,102,0.03821082961436825,334,0.051205390118355974,348,0.05763070544867137,1,0.06597596460575292
350,285,0.06675744005041037,441,0.08601917984660595,145,0.12734046574041386,289,0.14619346094059646,505,0.16054615076910622
351,279,0.04878074542824347,354,0.06190251862186106,90,0.07344424767707758,442,0.07797921171047917,3,0.07828022635110597
352,403,0.1758523228217114,196,0.2044543554919155,165,0.22718972974992585,119,0.24054947455218584,416,0.2469567828908516
353,461,0.08344990587568876,383,0.10371811918745588,503,0.10724296361444366,40,0.11069752008369588,314,0.12436996891862756
354,351,0.06190251862186106,90,0.07212509771495963,3,0.07584314499979566,279,0.07870796587023855,173,0.09313269428590336
355,128,0.08007774530282033,265,0.0868306823082298,371,0.11931166364135737,430,0.13522026059072614,186,0.1447293241808882
356,186,0.024344382364490675,430,0.03552571806882692,144,0.07718282149760938,128,0.13477965815812126,7,0.14891957688973737
357,373,0.01225041439849945,152,0.04388838979020243,507,0.05676689742641228,409,0.05820725287496858,131,0.06392986076118201
358,81,0.026340960735612706,284,0.03000957761882911,180,0.03403265866934424,497,0.05125301123023733,172,0.06331654378223352
359,59,0.02726987106765135,481,0.06301752110682052,180,0.08990244823445294,387,0.09958038068478305,358,0.10405254645031585
360,255,0.05908169853341194,152,0.06584748599269521,198,0.07503934756531734,320,0.08290616184992639,158,0.08326680251980861
361,306,0.07289089412571925,401,0.11980593232721866,424,0.17294551963092,6,0.17583963926857132,509,0.1818802143907675
362,40,0.09656076032698949,500,0.13772177850210324,244,0.15513417653037917,105,0.1656862255598331,353,0.17180794597541413
363,151,0.019542355863235217,347,0.12844127452853385,427,0.1297793148410977,32,0.1710350878455618,221,0.1717774373378259
364,312,0.0754350729896487,164,0.08093980705798495,463,0.10205136346764239,518,0.12281994220491413,207,0.12357696545205035
365,155,0.05710169760717662,292,0.07859144139629161,255,0.136178046645556,203,0.1365104682694925,376,0.1439466554305612
366,19,0.06436812340687442,114,0.17111769797277285,147,0.18021063367926532,492,0.19039287792622184,317,0.19579332001615485
367,65,0.09403362514635925,5,0.09934995561608881,269,0.10016052882858764,112,0.12395155587051626,113,0.14018689142751595
368,415,0.07512390680501796,502,0.08143031115585231,342,0.08793770643562554,61,0.10290802760282955,328,0.11040623572386742
369,94,0.11374984618629534,289,0.15478369982052276,229,0.15790049084091196,388,0.1762929345037434,350,0.17899355357442095
370,270,0.10705865064563821,439,0.1364001200510866,269,0.1762748569804233,453,0.17734445673776403,5,0.1954813194006507
371,128,0.11101215118051382,355,0.11931166364135737,186,0.14924285096233966,356,0.15242622709162854,430,0.15890677317783142
372,447,0.0991283016796242,145,0.102824237369676,339,0.12735159481452094,216,0.12780500163977387,486,0.1305660992639352
373,357,0.01225041439849945,152,0.04443212317466164,409,0.04921617858826457,507,0.059199226409007724,287,0.06865891281412334
374,148,0.09604538172437538,302,0.11791517361521703,20,0.12669468680645546,433,0.1272118474553393,390,0.13722326393589115
375,158,0.0869390893172336,293,0.10749963119512537,286,0.1114808116923208,210,0.1187724875027471,212,0.12189473634596018
376,286,0.09009450442663294,255,0.09355906653408243,489,0.09719250131947015,158,0.10689844471166841,143,0.11344194565046092
377,108,0.06221723130164013,88,0.06728371802682816,451,0.07326673201445548,379,0.07802410127911337,477,0.08792376875657387
378,261,0.058244635546198825,163,0.0759757845762541,511,0.08886818591295995,249,0.09656222088290423,448,0.1577873776726083
379,28,0.03344186704816721,114,0.050647204820683786,108,0.06487815632076631,88,0.07331051362210925,386,0.07760157661031873
380,246,0.08917194423289826,112,0.10429545842028833,37,0.13271857257535294,396,0.14199558289098832,65,0.1504564580920167
381,480,0.07592577530799316,57,0.11540861503522383,449,0.14669322914920488,93,0.15131895847410642,192,0.15834337176538926
382,309,0.2159135618481803,253,0.344102424645182,215,0.5709993012642538,262,0.5961706498950776,187,0.6089797724674344
383,503,0.012195121951219523,314,0.03779046237093686,461,0.04440315792980628,353,0.10371811918745588,313,0.131741212890336
384,349,0.02439024390243899,334,0.02893682747489154,267,0.04897681473374286,102,0.06196453413284195,332,0.06420895453703988
385,518,0.07335091341789318,310,0.10647810739355253,478,0.12663977978667193,436,0.13651806927110763,470,0.142469965814491
386,28,0.0443792141860314,63,0.06142121828165563,379,0.07760157661031873,389,0.07829229933000992,44,0.0813276937967418
387,341,0.04058719577304157,497,0.06812099960773281,59,0.07288963259904732,85,0.0768601830708559,80,0.07804733701937512
388,319,0.12203096689124561,289,0.1283703750692454,505,0.13155909832950674,182,0.13179614027354292,91,0.14532537019516048
389,216,0.057946138064480505,339,0.07282057417485409,44,0.07376215465685335,386,0.07829229933000992,420,0.08074269583033912
390,516,0.03315698375244503,80,0.06002137083921058,209,0.06797495951101089,85,0.06846402080946784,20,0.07169390622471392
391,101,0.0985018047821044,211,0.10379363004380934,414,0.11702073990912881,271,0.12619597816143027,408,0.12654416770732752
392,514,0.0423664323838715,512,0.053040357554140063,222,0.058934015456663255,332,0.06369786360165346,457,0.07271977244630079
393,118,0.2075580343873882,26,0.20833107625614022,167,0.20998908927492502,230,0.2416915286507087,75,0.2695295436712336
394,21,0.09152878586479564,257,0.10084094584462025,397,0.11903458596836049,220,0.1417111451672568,132,0.14813898056351216
395,460,0.11555409478593735,220,0.13422280471472375,391,0.17223013689303218,493,0.1796388928262031,211,0.1859924575537433
396,445,0.07176770573736208,70,0.07327600493782524,84,0.0833774461649199,113,0.08472502307189196,324,0.08488032761098088
397,132,0.03410525356205505,494,0.03676214130951749,56,0.08850535672444307,220,0.095323466129238,394,0.11903458596836049
398,481,0.14730365225195455,293,0.15688107002736032,272,0.15994821887396585,421,0.16664675052417136,87,0.16720844827843653
399,127,0.11621943407869151,400,0.11649132708412721,479,0.12137079684219965,364,0.12816897648470074,518,0.13503465931230743
400,399,0.11649132708412721,16,0.13185479830169977,115,0.16761919838970127,340,0.17149319335462274,266,0.17841457959438373
401,6,0.0716315656147605,361,0.11980593232721866,306,0.12668267878873923,424,0.13029048215763708,473,0.14211601853709294
402,141,0.05174919410241505,23,0.06777559715861442,247,0.12963037833904756,487,0.13215979732229452,156,0.14089482433883874
403,500,0.16741476563651922,352,0.1758523228217114,40,0.18659411626057457,104,0.18950990706848128,362,0.1902663810170017
404,432,0.12583024123067557,347,0.12977335785623664,504,0.14493265117991747,221,0.14603615476507456,36,0.15142347474765566
405,27,0.0019949268086455474,48,0.030703160588892962,30,0.03815711712670325,172,0.06211883410079366,209,0.07266461738752882
406,122,0.05244655162262478,441,0.12793073264263646,505,0.12894981313149845,182,0.13070862132685965,388,0.154399082146558
407,491,0.059229153419930174,488,0.1064536955723007,520,0.1190972091409984,418,0.17402619672645514,185,0.19121622334150934
408,271,0.0011758177878772313,282,0.06185129062118017,244,0.06275485398229658,89,0.06557489832597932,211,0.06827861783798299
409,457,0.028655869001357092,373,0.04921617858826457,267,0.05395726465191007,507,0.054817866396468934,357,0.05820725287496858
410,498,0.08746008837689774,213,0.1303756287822653,42,0.1343119224000355,335,0.15291316605942262,440,0.15599551541009063
411,86,0.08777296699322101,199,0.1021351749027375,229,0.16194936420719405,232,0.1823642126373753,519,0.20541904740968606
412,148,0.10751575832859722,171,0.10792759290833889,452,0.11121589970416958,324,0.11534652312273168,82,0.11847229787345456
413,500,0.16675688857153728,517,0.17123056887821292,107,0.1863963747653632,105,0.20370701528294136,60,0.20851826256316844
414,15,0.03819482149272975,179,0.07604570681428742,465,0.07876923412567885,101,0.08864657089807058,345,0.0930129973367877
415,342,0.040033516216830274,502,0.05275326322464724,44,0.061749791418036465,63,0.06839545738556464,368,0.07512390680501796
416,196,0.13994405209616623,204,0.20332757112071878,119,0.20440383341571727,245,0.22164390850735222,263,0.22194281561355325
417,39,0.12831586715488255,64,0.1375785715982464,223,0.1382234152668567,444,0.14700146672485187,274,0.16167337309312343
418,213,0.11330281848009113,42,0.11465429072289286,498,0.12498497828274081,491,0.1592963229608459,175,0.17214301213935684
419,492,0.03844543791999905,329,0.04699296107670501,147,0.062284447793700265,126,0.07279294429332425,28,0.0792833985878549
420,170,0.04711290876345076,299,0.04906887361854713,68,0.06308072369944473,329,0.06480305380174738,389,0.08074269583033912
421,37,0.08738805632636203,84,0.10197973822896769,396,0.10680624387014775,466,0.10909231918943406,113,0.11545132280341493
422,184,0.050233218384756764,173,0.06835958657431108,428,0.06877666398434046,438,0.07617806817421754,478,0.12439425348246899
423,250,0.12976326633627916,187,0.20113215266588735,11,0.2089188077400884,448,0.20913502095115497,496,0.22205716558590674
424,520,0.09785435294245089,6,0.10611169643015811,401,0.13029048215763708,280,0.13179911588682822,488,0.1485311536991888
425,283,0.07187977540140363,281,0.08869686936874302,228,0.0985815781608541,434,0.11040394922563768,142,0.13236493684105718
426,215,0.2469629612785178,262,0.2974453548475327,140,0.3549442761634362,146,0.35756125287792273,74,0.37390607395574776
427,363,0.1297793148410977,97,0.13825216140376195,151,0.14680044866638128,12,0.20350844384904157,221,0.2151828956927859
428,478,0.05847247380047818,422,0.06877666398434046,184,0.09708737128135485,173,0.09828925320157668,514,0.10612701212325311
429,32,0.08343480468518709,151,0.2221878180519318,363,0.22953656535358974,12,0.23607523390184557,347,0.24782538029193552
430,356,0.03552571806882692,186,0.040254385655170644,144,0.06592805299583998,7,0.12196483298545915,128,0.12595945566552852
431,159,0.18567546243349692,418,0.21820879073597452,185,0.23513738425251782,356,0.23702390724828318,190,0.2486346554443819
432,347,0.04902927604933695,504,0.06877994954330587,404,0.12583024123067557,151,0.16360753062669786,190,0.17134274450591
433,20,0.04176993886516908,390,0.07822397889127364,30,0.09379716643909962,516,0.1015745179673273,80,0.12221845863115179
434,283,0.0630013501373786,142,0.08047535242837818,425,0.11040394922563768,281,0.12039901794030589,228,0.13287181504387482
435,499,0.0692662724238936,354,0.09539651086763104,438,0.09751598780779676,96,0.09845291776904273,172,0.10440376015845952
436,449,0.045870184611450114,310,0.0517019656558934,106,0.06373787661282915,73,0.10818154497194093,305,0.11003553922584981
437,2,0.08179088267311119,510,0.09674450121438935,240,0.11344132280821116,330,0.1147987377909616,254,0.1379026785399461
438,173,0.06169015880605131,102,0.06464434576824866,191,0.06898038905352108,316,0.06928617562857195,71,0.07019497542823247
439,269,0.11728007931522871,5,0.12814171971199742,370,0.1364001200510866,453,0.17109791459480128,270,0.1871513891023264
440,274,0.09771642743925116,64,0.098343002205712,498,0.10941681505275815,223,0.11675992104191307,42,0.13262322020574152
441,350,0.08601917984660595,122,0.09776223928550606,145,0.11714379170699188,285,0.11812641985986125,505,0.12602082459556455
442,279,0.03647271176625761,227,0.0681194541270573,351,0.07797921171047917,8,0.08761016078230462,241,0.10194016543970799
443,96,0.07465867347708162,54,0.08155334327931665,405,0.09219254789026105,27,0.09220927025334857,48,0.09556176540414879
444,39,0.13791548546904966,162,0.14635544936293404,417,0.14700146672485187,179,0.15595237441753265,64,0.15941916868687597
445,475,0.019082597896739495,168,0.061149290065323464,70,0.06841904415256389,396,0.07176770573736208,324,0.07948189742340632
446,278,0.2889562468477821,289,0.3500227935193632,94,0.35315920061062367,199,0.3573366604521448,519,0.36689515947803275
447,145,0.04794912713520754,372,0.0991283016796242,285,0.12126131846714151,206,0.155223606811466,441,0.16306639927630728
448,11,0.11932654056666059,187,0.13752722682963803,378,0.1577873776726083,261,0.1645715209955095,496,0.166294248466592
449,436,0.045870184611450114,106,0.046368463559541453,310,0.08823857286633285,305,0.09244030809340878,73,0.09860360536078763
450,320,0.01264628861949802,346,0.049067897300457824,154,0.04910651243583065,287,0.05816433693532899,157,0.06470526614556284
451,88,0.03442601641432246,47,0.05934220990671673,114,0.06930906762232274,377,0.07326673201445548,108,0.0780954866335187
452,200,0.06938633224768752,338,0.09037726174615142,82,0.10648245969642356,96,0.10838947879253161,293,0.11113881659672359
453,52,0.07634578697432828,189,0.0801792978358492,269,0.11819626052858763,258,0.1359685832631573,367,0.14638635906327557
454,130,0.0675506663015319,36,0.08056977445571017,303,0.11707204213590112,404,0.21858355819034908,155,0.25735012293056075
455,190,0.1613364348011499,504,0.16596324483853933,456,0.1662971806137895,291,0.16895825675901507,300,0.20253382704169082
456,161,0.08098543539254657,226,0.11086570088760785,198,0.11591564853007792,392,0.13656042041781746,157,0.14672778678234508
457,409,0.028655869001357092,332,0.04945730793049166,507,0.06098258243884801,267,0.06114598369123076,392,0.07271977244630079
458,336,0.07486428674427456,104,0.14168822520334848,9,0.14223109533428524,296,0.1634275615504073,489,0.19391215576037993
459,485,0.33874026604416035,14,0.4998489342977708,501,0.5407352112238495,270,0.5471919545876572,439,0.577561452894627
460,395,0.11555409478593735,493,0.12871905184016108,391,0.1325229178291973,220,0.13258735439698746,207,0.14389567877379486
461,383,0.04440315792980628,503,0.05488795341397902,314,0.08095171465066395,353,0.08344990587568876,337,0.13501795498409963
462,197,0.03802979749523328,386,0.1324071843913422,28,0.13522954938424855,160,0.14219472518794204,63,0.14295561718900826
463,92,0.09889731547982766,33,0.10110983476391971,364,0.10205136346764239,312,0.10713793973391385,164,0.12070423493876924
464,137,0.09415060185902017,482,0.1372607499711428,93,0.1878969807941046,381,0.19327783331586137,480,0.19714009177260067
465,345,0.036829038479440926,275,0.04878379066649062,179,0.055595636983493416,323,0.07088763826937022,43,0.07171968323479926
466,84,0.023453677628714396,113,0.04980419279728087,65,0.06932569056503102,242,0.07363308600819235,112,0.08551515859531358
467,318,0.0206521164720182,346,0.07016306273653398,450,0.07189425640113087,320,0.0780807446536679,287,0.08374289483410342
468,474,0.11621613974089795,111,0.13100086424530386,214,0.16771972499670923,193,0.17424273767356271,206,0.18724581884837105
469,171,0.11229523313297861,433,0.1400772719823956,412,0.14789657677652668,20,0.148774064273789,49,0.16503648301900636
470,277,0.08275219257268539,310,0.09354520342851096,207,0.09854851624893035,518,0.12595597926645974,364,0.1316695506156087
471,117,0.13065388797473904,26,0.20428583012398474,217,0.2177653128426503,220,0.22839973648358217,493,0.2288103457622306
472,230,0.04131392765500033,217,0.0730436339010322,127,0.1120576121005544,219,0.11360185674843551,26,0.12818645185830482
473,331,0.0772868106387706,178,0.1188106600903877,509,0.13733492081052115,401,0.14211601853709294,374,0.15224517430277718
474,111,0.08636956768633675,468,0.11621613974089795,333,0.18420603736414784,214,0.21092148656971094,193,0.21233084719704046
475,445,0.019082597896739495,168,0.06267065628882172,78,0.07999836374908639,324,0.08304222713229445,70,0.0851578870843141
476,466,0.08929082686958989,84,0.09101402881056579,113,0.09215265809724359,242,0.1008387659832417,396,0.1078211792471941
477,160,0.06709108682151042,377,0.08792376875657387,63,0.1325668282846373,386,0.13469205448477553,108,0.134817939184379
478,428,0.05847247380047818,514,0.08300986505024116,518,0.09958552847956585,512,0.10603491723998695,392,0.11010511910461562
479,35,0.038110166644753043,318,0.08292117217542475,467,0.09744848127171352,399,0.12137079684219965,478,0.12256334067123452
480,381,0.07592577530799316,93,0.15353912954140647,243,0.16865175956061876,57,0.17031523716629773,449,0.1707873278912039
481,359,0.06301752110682052,59,0.08234396831650018,136,0.1358053707871071,200,0.13902244744128597,198,0.14282357697795767
482,464,0.1372607499711428,137,0.17984908444912118,480,0.23478545454782784,276,0.2553261043615641,381,0.2618203646184683
483,427,0.24562428324902275,363,0.25756487052274524,151,0.2730391637550716,190,0.304486136305136,12,0.30955022429828855
484,326,0.06796584973681079,89,0.10370717108503268,282,0.10496801934713601,54,0.10742785854926308,39,0.1200526594235794
485,501,0.23197271662986726,270,0.23740446635199727,506,0.3017270897812963,370,0.3095496671252856,513,0.33714413001292687
486,490,0.04366639266625812,342,0.048592014873857774,339,0.05021623310167272,502,0.05177651823019253,216,0.06099460090429796
487,295,0.03660275888022929,141,0.09849970597992645,368,0.12184952190389534,266,0.12227218606622244,402,0.13215979732229452
488,407,0.1064536955723007,520,0.12608511742111697,491,0.13876415933898198,424,0.1485311536991888,361,0.19508075747155124
489,286,0.020488294667864504,272,0.0731891869023869,87,0.07319692891253815,143,0.07399872815545135,158,0.09006739302568213
490,486,0.04366639266625812,44,0.0482815059808424,342,0.059443110707918925,339,0.06200903036965217,216,0.06494078934526755
491,407,0.059229153419930174,488,0.13876415933898198,418,0.1592963229608459,520,0.15951055286756408,185,0.2125466326103422
492,147,0.024406396733850297,419,0.03844543791999905,329,0.041306875231200135,126,0.06265894359280283,114,0.07921182467149854
493,219,0.08179149396647312,220,0.11664196303068618,56,0.11940617212986775,460,0.12871905184016108,217,0.13017259928109884
494,132,0.0276025171059897,397,0.03676214130951749,56,0.05709070872566864,220,0.08091315695845437,224,0.10029618267717283
495,510,0.16188574159155958,2,0.1788324147157116,47,0.17958102590539282,126,0.17970224240090424,147,0.1831563078136167
496,281,0.12225247989541575,228,0.13546203669514764,425,0.1372876549839612,313,0.16608609724757062,448,0.166294248466592
497,85,0.03365881120161266,80,0.040099484745112,209,0.0493684933678592,358,0.05125301123023733,180,0.0521021788406795
498,42,0.06460962084165442,213,0.06709598674827158,410,0.08746008837689774,274,0.10893829095005425,440,0.10941681505275815
499,435,0.0692662724238936,316,0.09108438165483186,3,0.09488615590303753,354,0.09738846329153701,81,0.0998695782826494
500,362,0.13772177850210324,107,0.15854952805048342,413,0.16675688857153728,403,0.16741476563651922,421,0.19342969923118825
501,513,0.20164547872531122,485,0.23197271662986726,270,0.24397104833739397,506,0.3189863825706967,370,0.3499638530234839
502,342,0.019040380330546332,486,0.05177651823019253,415,0.05275326322464724,490,0.06995985740324462,44,0.07461587957668081
503,383,0.012195121951219523,314,0.026163219396389565,461,0.05488795341397902,353,0.10724296361444366,313,0.13003685698909168
504,432,0.06877994954330587,347,0.08682454705227041,190,0.11168425207240565,404,0.14493265117991747,455,0.16596324483853933
505,182,0.040512452976716705,441,0.12602082459556455,294,0.1273767117686046,406,0.12894981313149845,388,0.13155909832950674
506,51,0.15384399391176368,270,0.18754427579265331,370,0.20160459826649468,513,0.2212649000600098,5,0.22258164716248954
507,18,0.015744786593409887,409,0.054817866396468934,357,0.05676689742641228,373,0.059199226409007724,457,0.06098258243884801
508,57,0.0625262807066595,192,0.10211227394626214,364,0.12849667504751083,164,0.13293204897933483,463,0.13975159169418155
509,178,0.09261321202809326,72,0.13006952859091028,473,0.13733492081052115,331,0.1409629269168711,306,0.1627397459748787
510,2,0.08367390140853302,437,0.09674450121438935,25,0.12955057203524664,495,0.16188574159155958,240,0.18111954926941864
511,163,0.012914073013766538,261,0.08533927483245354,378,0.08886818591295995,249,0.09416582056755338,109,0.20067134014348073
512,222,0.0133098710872043,514,0.03679942632598554,392,0.053040357554140063,457,0.07701044068901085,157,0.07991008512562489
513,501,0.20164547872531122,123,0.21161845906606813,506,0.2212649000600098,270,0.26193598736600726,51,0.28721610741993925
514,512,0.03679942632598554,392,0.0423664323838715,222,0.0496582676121897,235,0.07262622220567123,332,0.0756292958600323
515,316,0.04128573693388998,239,0.052800219310762,3,0.061341253363852086,173,0.06252967576898637,299,0.0672903769529643
516,80,0.029587638500001515,390,0.03315698375244503,85,0.0404296324967665,209,0.048786885120754395,497,0.06884331301497905
517,413,0.17123056887821292,361,0.21749144851200075,306,0.2185703938743007,488,0.24479855003334314,401,0.26080501141631257
518,385,0.07335091341789318,478,0.09958552847956585,310,0.105445779227707,364,0.12281994220491413,470,0.12595597926645974
519,94,0.1266342837215435,229,0.13240486645728686,199,0.14253640252091446,369,0.20049448665001468,411,0.20541904740968606
520,424,0.09785435294245089,407,0.1190972091409984,488,0.12608511742111697,498,0.1570981239487285,491,0.15951055286756408
